INSERT INTO AspNetRoles (Id, Name, NormalizedName, ConcurrencyStamp) VALUES (N'3da5ae01-47b7-4f12-8ca5-7afb8d64572e', N'Admin', N'ADMIN', null);
INSERT INTO AspNetRoles (Id, Name, NormalizedName, ConcurrencyStamp) VALUES (N'a1342b66-1ace-4bf4-8bf2-89a5e128ea13', N'Client', N'CLIENT', null);
INSERT INTO AspNetUsers (Id, FirstName, LastName, Phone, UserName, NormalizedUserName, Email, NormalizedEmail, EmailConfirmed, PasswordHash, SecurityStamp, ConcurrencyStamp, PhoneNumber, PhoneNumberConfirmed, TwoFactorEnabled, LockoutEnd, LockoutEnabled, AccessFailedCount) VALUES (N'de3640a2-4c48-4e92-b8e3-00fee3ea7a98', N'Admin', N'Admin', null, N'admin@gmail.com', N'ADMIN@GMAIL.COM', N'admin@gmail.com', N'ADMIN@GMAIL.COM', 1, N'AQAAAAIAAYagAAAAELESLdQs/ibX98FcY9rkBhNTrXH0OPqdr68TdE9LJPvTFQ+AFFLWTkL/Mgj2L1rFwA==', N'36IG5KIVNTMCPIVX77NP6HRELSHV72WO', N'6e4a2309-f8df-4b1a-bea5-7120014a7a8c', N'123456789', 1, 0, null, 1, 0);

INSERT INTO AspNetUserRoles (UserId, RoleId) VALUES (N'de3640a2-4c48-4e92-b8e3-00fee3ea7a98', N'3da5ae01-47b7-4f12-8ca5-7afb8d64572e');


INSERT INTO Category (Id, Name) VALUES (N'8d487ba8-8dab-40fa-99ac-d5a74318afab', N'Figures');
INSERT INTO Category (Id, Name) VALUES (N'ecfe22fe-2ea5-4151-bc13-7c579c15976d', N'Wallets');
INSERT INTO Category (Id, Name) VALUES (N'edb508ec-bb94-498c-b1a5-5b1aaf3964da', N'Bags');
INSERT INTO Category (Id, Name) VALUES (N'eec32294-0f1f-470e-87ab-216f7b466f87', N'Plushies');


INSERT INTO Product (Id, Name, Photo, Stock, Price, CategoryId, IsPromoted) VALUES (N'093b87be-dda5-4435-a50b-77637481df7d', N'SSS Figure', N'https://www.pokemoncenter.com/images/DAMRoot/Full-Size/10000/P9073_710-96728_01.jpg', 100, 200, N'8d487ba8-8dab-40fa-99ac-d5a74318afab', 0);
INSERT INTO Product (Id, Name, Photo, Stock, Price, CategoryId, IsPromoted) VALUES (N'0a1820bb-2f50-4581-a5cd-2e4bb7c34ae2', N'FFF Figure', N'https://www.pokemoncenter.com/images/DAMRoot/Full-Size/10000/P9206_703-97872_01.jpg', 100, 300, N'8d487ba8-8dab-40fa-99ac-d5a74318afab', 0);
INSERT INTO Product (Id, Name, Photo, Stock, Price, CategoryId, IsPromoted) VALUES (N'11c09a59-8c68-45eb-bc41-29ec0eef5efc', N'YYY Figure', N'https://www.pokemoncenter.com/images/DAMRoot/Full-Size/10000/P6259_703-05967_01.jpg', 100, 700, N'8d487ba8-8dab-40fa-99ac-d5a74318afab', 1);
INSERT INTO Product (Id, Name, Photo, Stock, Price, CategoryId, IsPromoted) VALUES (N'14a7eab7-73d4-4676-ba2a-1aec7a2f89cc', N'Espeon Mimikiu', N'https://pokemon-faction.com/cdn/shop/products/product-image-1714578094_480x.jpg?v=1626812078', 50, 90, N'eec32294-0f1f-470e-87ab-216f7b466f87', 0);
INSERT INTO Product (Id, Name, Photo, Stock, Price, CategoryId, IsPromoted) VALUES (N'181c6914-97bf-44fe-bbd4-27a50fe9e9ed', N'Umbreon Mimikiu', N'https://pokemon-faction.com/cdn/shop/products/product-image-1804715637_480x.jpg?v=1626812080', 50, 80, N'eec32294-0f1f-470e-87ab-216f7b466f87', 0);
INSERT INTO Product (Id, Name, Photo, Stock, Price, CategoryId, IsPromoted) VALUES (N'1f690934-1ca0-4522-992a-93d31c6d4be7', N'Glaceon Mimikiu', N'https://pokemon-faction.com/cdn/shop/products/product-image-1804715638_480x.jpg?v=1626812076', 50, 30, N'eec32294-0f1f-470e-87ab-216f7b466f87', 1);
INSERT INTO Product (Id, Name, Photo, Stock, Price, CategoryId, IsPromoted) VALUES (N'2f2d4a4e-4b4d-4185-b487-2f486ab5b426', N'Pokeball Bag 2', N'https://encrypted-tbn0.gstatic.com/images?q=tbn:ANd9GcSxmk_skPglNXsONKVIgVfeZgqsfshoyEPGoFuo5Pm0JtEtodj-R1YaYmx9UTihhuzT2Vk&usqp=CAU', 50, 124, N'edb508ec-bb94-498c-b1a5-5b1aaf3964da', 1);
INSERT INTO Product (Id, Name, Photo, Stock, Price, CategoryId, IsPromoted) VALUES (N'3cf44092-04e1-4f20-8386-f1d952f6f8f1', N'Flareon Mimikiu', N'https://pokemon-faction.com/cdn/shop/products/product-image-1804715633_480x.jpg?v=1627213674', 50, 40, N'eec32294-0f1f-470e-87ab-216f7b466f87', 0);
INSERT INTO Product (Id, Name, Photo, Stock, Price, CategoryId, IsPromoted) VALUES (N'3deb49fd-d76f-4af6-8b97-7b7ab2274233', N'Sylveon Mimikiu', N'https://pokemon-faction.com/cdn/shop/products/product-image-1804697401_480x.jpg?v=1626812079', 50, 10, N'eec32294-0f1f-470e-87ab-216f7b466f87', 0);
INSERT INTO Product (Id, Name, Photo, Stock, Price, CategoryId, IsPromoted) VALUES (N'5a3c2be7-0362-4082-932d-286d3d4ff551', N'AA Wallet', N'https://www.pokemoncenter.com/images/DAMRoot/Full-Size/10000/P8557_710-95821_01.jpg', 50, 50, N'ecfe22fe-2ea5-4151-bc13-7c579c15976d', 0);
INSERT INTO Product (Id, Name, Photo, Stock, Price, CategoryId, IsPromoted) VALUES (N'9c4355c7-2801-45f3-bab2-7e81ef3a8c27', N'BB Wallet', N'https://target.scene7.com/is/image/Target/GUEST_d341fb62-90eb-4d73-afdd-889cb14489b5?wid=800&hei=800&qlt=80&fmt=webp', 50, 150, N'ecfe22fe-2ea5-4151-bc13-7c579c15976d', 0);
INSERT INTO Product (Id, Name, Photo, Stock, Price, CategoryId, IsPromoted) VALUES (N'b382f73b-5737-4caf-8d50-229b420d4309', N'Pokeball Bag', N'https://encrypted-tbn0.gstatic.com/images?q=tbn:ANd9GcQnHo86MIiby9KnrfXeT75TIiui9TYYsBGNTaI80ZuAJmXup8qrJGAyTNUCqTHcQg36hzM&usqp=CAU', 20, 22, N'edb508ec-bb94-498c-b1a5-5b1aaf3964da', 0);
INSERT INTO Product (Id, Name, Photo, Stock, Price, CategoryId, IsPromoted) VALUES (N'bed1d00e-f257-4970-84e4-462e21fe5669', N'HHH Wallet', N'https://i5.walmartimages.com/asr/cef81da1-9108-4fa6-b6c8-c5c6b29eb80c.283f48d4bbf1eaa7ff16a90ed00da983.jpeg?odnHeight=612&odnWidth=612&odnBg=FFFFFF', 50, 80, N'ecfe22fe-2ea5-4151-bc13-7c579c15976d', 0);
INSERT INTO Product (Id, Name, Photo, Stock, Price, CategoryId, IsPromoted) VALUES (N'cce63169-5042-44fd-ad2b-d6d2fdb5af58', N'Jolteon Mimikiu', N'https://pokemon-faction.com/cdn/shop/products/product-image-1804718336_480x.jpg?v=1626812077', 50, 60, N'eec32294-0f1f-470e-87ab-216f7b466f87', 0);
INSERT INTO Product (Id, Name, Photo, Stock, Price, CategoryId, IsPromoted) VALUES (N'cdd9bff7-51c8-4b7e-b525-0c4d427a3901', N'Vaporeon Mimikiu', N'https://pokemon-faction.com/cdn/shop/products/product-image-1714578092_480x.jpg?v=1626812080', 50, 50, N'eec32294-0f1f-470e-87ab-216f7b466f87', 1);
INSERT INTO Product (Id, Name, Photo, Stock, Price, CategoryId, IsPromoted) VALUES (N'ce1406aa-7227-462e-a0fe-477656f6bca1', N'Pokeball Bag 3', N'https://encrypted-tbn0.gstatic.com/images?q=tbn:ANd9GcT3yNLmeHVBEDrlsRFn0WXA0OFmFou8WBkULc3INApw0SPFj4-O4_5-wwRWCFmorGOYAc8&usqp=CAU', 40, 75, N'edb508ec-bb94-498c-b1a5-5b1aaf3964da', 0);
INSERT INTO Product (Id, Name, Photo, Stock, Price, CategoryId, IsPromoted) VALUES (N'ee051d43-df0d-4bcb-8931-8bff187201ed', N'ZZZ Wallet', N'https://target.scene7.com/is/image/Target/GUEST_649bd33d-1108-4aad-8ab4-35b0a94ce8d7?wid=800&hei=800&qlt=80&fmt=webp', 50, 40, N'ecfe22fe-2ea5-4151-bc13-7c579c15976d', 0);
INSERT INTO Product (Id, Name, Photo, Stock, Price, CategoryId, IsPromoted) VALUES (N'eee39f49-6899-4264-96d5-5b4e384bf000', N'Leafeon Mimikiu', N'https://pokemon-faction.com/cdn/shop/products/product-image-1714578097_480x.jpg?v=1627213876', 50, 70, N'eec32294-0f1f-470e-87ab-216f7b466f87', 0);
